vkorc1_genotype,cyp2c9_genotype,dose_range_mg_day,sensitivity_class
GG,*1/*1,5-7,normal
GG,*1/*2,5-7,normal
GG,*1/*3,3-4,sensitive
GG,*2/*2,3-4,sensitive
GG,*2/*3,3-4,sensitive
GG,*3/*3,0.5-2,highly_sensitive
GA,*1/*1,5-7,normal
GA,*1/*2,3-4,sensitive
GA,*1/*3,3-4,sensitive
GA,*2/*2,3-4,sensitive
GA,*2/*3,0.5-2,highly_sensitive
GA,*3/*3,0.5-2,highly_sensitive
AA,*1/*1,3-4,sensitive
AA,*1/*2,3-4,sensitive
AA,*1/*3,0.5-2,highly_sensitive
AA,*2/*2,0.5-2,highly_sensitive
AA,*2/*3,0.5-2,highly_sensitive
AA,*3/*3,0.5-2,highly_sensitive